".y.","group1","group2","n1","n2","statistic","p","p.adj","p.adj.signif"
"sum_Area","Nrv2 Control","Nrv2>Lac RNAi",34,48,-1.95890491151936,0.050123923742639,0.200495694970556,"ns"
"sum_Area","Nrv2 Control","Repo Control",34,56,1.10217877815693,0.270383956181229,0.615473427582753,"ns"
"sum_Area","Nrv2 Control","Repo>Lac RNAi",34,46,-0.0552130786645793,0.955968709562688,0.955968709562688,"ns"
"sum_Area","Nrv2>Lac RNAi","Repo Control",48,56,3.4505826651877,0.000559377828262557,0.00335626696957534,"**"
"sum_Area","Nrv2>Lac RNAi","Repo>Lac RNAi",48,46,2.06759778860775,0.0386778602067695,0.193389301033847,"ns"
"sum_Area","Repo Control","Repo>Lac RNAi",56,46,-1.26699295432709,0.205157809194251,0.615473427582753,"ns"
