".y.","group1","group2","n1","n2","statistic","p","p.adj","p.adj.signif"
"ratio","46F Control","46F>Lac RNAi",31,29,0.128503033998799,0.897750897348209,0.897750897348209,"ns"
"ratio","46F Control","Repo Control",31,30,1.67263399788209,0.0943993697538446,0.283198109261534,"ns"
"ratio","46F Control","Repo>Lac RNAi",31,33,6.20079269623716,0.000000000561794733124784,0.00000000337076839874871,"****"
"ratio","46F>Lac RNAi","Repo Control",29,30,1.51748979335626,0.129143068499763,0.283198109261534,"ns"
"ratio","46F>Lac RNAi","Repo>Lac RNAi",29,33,5.96296991715877,0.00000000247694037896012,0.0000000123847018948006,"****"
"ratio","Repo Control","Repo>Lac RNAi",30,33,4.45004891991524,0.00000858507315883207,0.0000343402926353283,"****"
