".y.","group1","group2","n1","n2","statistic","p","p.adj","p.adj.signif"
"sum_Area","46F Control","46F>Lac RNAi",62,58,-0.282431970912563,0.77761230316691,0.77761230316691,"ns"
"sum_Area","46F Control","Repo Control",62,60,0.960998181226814,0.336553082326552,0.673106164653103,"ns"
"sum_Area","46F Control","Repo>Lac RNAi",62,66,3.05905385703754,0.0022203722950672,0.011101861475336,"*"
"sum_Area","46F>Lac RNAi","Repo Control",58,60,1.22528801322167,0.220466723115608,0.661400169346823,"ns"
"sum_Area","46F>Lac RNAi","Repo>Lac RNAi",58,66,3.29273402833032,0.000992182856076038,0.00595309713645623,"**"
"sum_Area","Repo Control","Repo>Lac RNAi",60,66,2.05745082100579,0.0396428808899876,0.15857152355995,"ns"
