".y.","group1","group2","n1","n2","statistic","p","p.adj","p.adj.signif"
"sum_Area","Nrv2 Control","Nrv2>Lac RNAi",17,24,-0.314610293526994,0.753057562672535,1,"ns"
"sum_Area","Nrv2 Control","Repo Control",17,28,4.91247364658214,0.000000899344743448046,0.00000269803423034414,"****"
"sum_Area","Nrv2 Control","Repo>Lac RNAi",17,23,5.07396169160624,0.000000389617526690183,0.00000155847010676073,"****"
"sum_Area","Nrv2>Lac RNAi","Repo Control",24,28,5.78835041844474,0.00000000710810062266374,0.0000000355405031133187,"****"
"sum_Area","Nrv2>Lac RNAi","Repo>Lac RNAi",24,23,5.90351059070487,0.00000000355846769605444,0.0000000213508061763266,"****"
"sum_Area","Repo Control","Repo>Lac RNAi",28,23,0.399594453718481,0.689455242171892,1,"ns"
