".y.","group1","group2","n1","n2","statistic","p","p.adj","p.adj.signif"
"sum_Area","Nrv2 Control","Nrv2>Lac RNAi",17,24,-4.30193999625338,0.0000169309166612592,0.000084654583306296,"****"
"sum_Area","Nrv2 Control","Repo Control",17,28,-2.48720605754333,0.0128750801416663,0.0386252404249988,"*"
"sum_Area","Nrv2 Control","Repo>Lac RNAi",17,23,-5.38217029558155,0.0000000735930904394106,0.000000441558542636463,"****"
"sum_Area","Nrv2>Lac RNAi","Repo Control",24,28,2.15326055372597,0.0312982070564943,0.0625964141129886,"ns"
"sum_Area","Nrv2>Lac RNAi","Repo>Lac RNAi",24,23,-1.22601148499587,0.220194353088105,0.220194353088105,"ns"
"sum_Area","Repo Control","Repo>Lac RNAi",28,23,-3.39974163737967,0.000674495529832292,0.00269798211932917,"**"
