".y.","group1","group2","n1","n2","statistic","p","p.adj","p.adj.signif"
"ratio","Repo Control","Repo>Lac RNAi",28,23,1.98327977443703,0.0473361873172401,0.0946723746344803,"ns"
"ratio","Repo Control","Nrv2 Control",28,17,-4.87583060597596,0.0000010835156034376,0.00000325054681031279,"****"
"ratio","Repo Control","Nrv2>Lac RNAi",28,24,-5.00833147948338,0.000000549039176712306,0.00000219615670684922,"****"
"ratio","Repo>Lac RNAi","Nrv2 Control",23,17,-6.43211609475544,0.000000000125839563302799,0.000000000629197816513997,"****"
"ratio","Repo>Lac RNAi","Nrv2>Lac RNAi",23,24,-6.68723043485051,0.0000000000227433613969586,0.000000000136460168381752,"****"
"ratio","Nrv2 Control","Nrv2>Lac RNAi",17,24,0.334327805010713,0.738132211017942,0.738132211017942,"ns"
